{
  "LogisticRegression": {
    "accuracy": 0.6477678571428571,
    "precision": 0.7176781002638523,
    "recall": 0.6355140186915887,
    "f1": 0.6741016109045849,
    "roc_auc": 0.7136416663408022
  },
  "RandomForest": {
    "accuracy": 0.6544642857142857,
    "precision": 0.6805949008498584,
    "recall": 0.7484423676012462,
    "f1": 0.7129080118694362,
    "roc_auc": 0.6978816362309206
  },
  "XGBoost": {
    "accuracy": 0.6263392857142858,
    "precision": 0.6637362637362637,
    "recall": 0.705607476635514,
    "f1": 0.6840317100792752,
    "roc_auc": 0.677189646632516
  },
  "NeuralNetwork": {
    "accuracy": 0.5883928571428572,
    "precision": 0.6394453004622496,
    "recall": 0.6464174454828661,
    "f1": 0.6429124709527498,
    "roc_auc": 0.62328676729363
  }
}