{
    "best_roc_auc": 0.7166879214787542,
    "best_params": {
        "C": 0.11696548130484256,
        "penalty": "l1"
    }
}